day,power_consumed,weather_index,holiday_index,maximum_temperature,humidity,wind_velocity,pressure,rainfall
2011-11-23,6.952692315384616,1,0,10.36,6.29,2.04,1027.12,13
2011-11-24,8.536479996,1,0,12.93,8.56,4.04,1027.22,25
2011-11-25,9.499781246875004,0,0,13.03,7.24,5.02,1024.47,32
2011-11-26,10.267707309756096,0,0,12.96,6.96,5.75,1025.8,41
2011-11-27,10.850804892682923,0,0,13.54,5.76,5.48,1021.11,41
2011-11-28,9.103381814545456,1,0,12.58,4.39,2.34,1022.8,55
2011-11-29,9.274873023809528,0,0,13.47,8.61,6.48,1009.7,63
2011-11-30,8.81351315789473,0,0,11.87,5.26,4.43,1019.43,76
2011-12-01,9.227706527173916,1,0,12.15,6.87,2.57,1007.12,92
2011-12-02,10.145910005000005,1,0,8.07,3.69,3.0,1012.12,100
2011-12-03,10.862154547272723,0,0,11.42,6.58,5.42,1003.55,110
2011-12-04,12.351881821818171,0,0,9.11,4.87,4.31,1001.15,110
2011-12-05,10.657492066666666,0,0,6.87,0.84,5.57,1006.01,126
2011-12-06,11.774340909848489,0,0,6.91,2.15,4.79,1007.32,132
2011-12-07,10.948980266447366,0,0,9.02,1.79,7.06,1008.76,152
2011-12-08,11.606970057485023,0,0,12.89,5.96,7.01,1010.84,167
2011-12-09,11.824054346739135,0,0,7.68,0.41,5.65,1010.6,184
2011-12-10,12.714686564179102,1,0,6.08,-0.34,3.08,1015.58,201
2011-12-11,13.803263689552244,1,0,8.59,4.49,3.94,1007.71,201
2011-12-12,11.99748148148148,0,0,9.82,4.1,5.02,1002.47,216
2011-12-13,11.99235267946428,0,0,12.08,3.62,7.44,990.27,224
2011-12-14,12.425219828448276,0,0,5.92,1.68,4.48,994.48,232
2011-12-15,12.362261910317455,0,0,7.97,2.41,4.71,996.75,252
2011-12-16,13.416572508015276,1,0,4.68,1.6,3.71,988.1,262
2011-12-17,13.583353568571416,1,0,5.35,0.96,3.99,1008.46,280
2011-12-18,14.809274998928576,1,0,5.49,-0.31,3.6,1016.37,280
2011-12-19,13.793674197419346,1,0,6.64,2.45,2.7,1014.39,310
2011-12-20,12.745489355015197,0,0,8.26,3.64,4.25,1015.09,329
2011-12-21,12.171455585386829,1,0,12.14,8.6,2.9,1017.91,349
2011-12-22,11.86490462833788,1,0,12.14,8.07,4.31,1024.71,367
2011-12-23,12.289650797089946,0,0,11.44,7.08,4.85,1017.67,378
2011-12-24,13.095058199735451,0,0,8.22,2.79,4.46,1028.17,378
2011-12-25,12.959846556878311,0,0,11.98,7.9,5.81,1028.45,378
2011-12-26,11.116031748677244,0,0,12.91,8.88,5.44,1033.14,378
2011-12-27,11.513134920634924,0,0,10.33,5.47,3.54,1032.76,378
2011-12-28,11.81270800620155,0,0,11.19,4.89,6.02,1021.31,387
2011-12-29,12.177980097761203,0,0,9.58,3.3,6.83,1020.47,402
2011-12-30,12.44535036812652,1,0,10.27,4.12,3.71,1016.85,411
2011-12-31,12.480613135766422,0,0,12.57,9.87,5.46,1010.02,411
2012-01-01,12.521145983454984,1,0,12.59,9.45,4.92,1004.82,411
2012-01-02,12.779671531630184,0,0,7.57,2.8,4.81,1008.49,411
2012-01-03,12.768203348564596,0,0,12.41,5.73,8.47,1003.23,418
2012-01-04,12.75702619142858,0,0,9.33,3.38,7.98,1014.07,420
2012-01-05,12.87751306389549,0,0,11.46,4.28,9.49,1004.74,421
2012-01-06,12.742517733333331,0,0,9.18,3.39,3.93,1023.65,423
2012-01-07,12.795773591509436,0,0,10.34,4.47,5.65,1021.72,424
2012-01-08,13.419912525531918,1,0,9.62,4.46,3.56,1026.57,423
2012-01-09,12.472597645411764,1,0,12.33,7.61,4.05,1029.61,425
2012-01-10,12.000689969230764,1,0,11.29,7.92,3.76,1033.21,429
2012-01-11,12.001738929137518,1,0,11.19,6.53,3.98,1032.94,429
2012-01-12,12.08404377834102,0,0,12.4,5.51,4.35,1027.85,434
2012-01-13,12.544458710779804,1,0,6.41,1.34,1.61,1032.84,436
2012-01-14,13.547441914578595,1,0,6.01,-0.3,0.99,1030.1,439
2012-01-15,14.074913433257407,1,0,6.27,-0.41,3.03,1024.8,439
2012-01-16,13.063147652125291,1,0,6.56,-1.64,2.45,1025.48,447
2012-01-17,13.299701558351888,1,0,5.79,-0.09,1.43,1027.71,449
2012-01-18,12.799092512775337,1,0,11.92,8.14,4.2,1023.93,454
2012-01-19,12.30399137564656,0,0,11.51,7.16,5.23,1018.64,464
2012-01-20,12.801624997708332,0,0,10.05,4.23,6.18,1019.26,480
2012-01-21,12.794906693509123,0,0,12.35,5.84,7.17,1012.5,493
2012-01-22,13.759470585192696,0,0,11.8,2.65,5.93,1014.29,493
2012-01-23,12.641011783300575,0,0,8.4,2.57,3.89,1018.88,509
2012-01-24,12.888806200775193,1,0,9.77,5.17,2.13,1019.33,516
2012-01-25,12.575381409297917,1,0,9.76,7.59,3.56,1015.27,527
2012-01-26,12.39703939662288,0,0,9.54,4.04,4.51,1009.15,533
2012-01-27,12.48827472472527,1,0,8.68,1.44,3.33,1019.12,546
2012-01-28,13.397870037725648,1,0,6.46,2.25,2.56,1027.99,554
2012-01-29,14.163873640974728,1,0,4.5,1.43,1.62,1030.78,554
2012-01-30,13.461315695061732,1,0,3.98,-0.85,1.54,1026.05,567
2012-01-31,13.915598968674695,1,0,2.13,-1.22,2.36,1026.13,581
2012-02-01,13.83182711508474,0,1,3.36,-4.69,5.45,1032.32,590
2012-02-02,14.389351968914474,0,0,1.41,-7.84,4.71,1035.76,608
2012-02-03,14.540033489314196,1,0,1.54,-6.19,2.2,1039.19,627
2012-02-04,15.178075701735008,1,0,0.79,-4.19,2.13,1036.05,634
2012-02-05,15.964433755678234,1,0,1.81,0.28,0.93,1027.42,634
2012-02-06,14.058799999999987,1,0,4.08,1.11,0.56,1033.06,655
2012-02-07,13.894823094152905,1,0,2.63,-3.58,2.66,1039.95,667
2012-02-08,15.219135015133544,1,0,0.73,-3.72,3.92,1040.92,674
2012-02-09,14.421628486490455,1,0,1.79,-2.67,0.84,1039.26,681
2012-02-10,14.620772983620672,1,0,1.21,-3.39,2.13,1038.18,696
2012-02-11,14.899534292285718,1,0,1.93,-5.69,0.92,1036.81,700
2012-02-12,15.908817144285695,1,0,4.84,-1.04,1.78,1034.52,700
2012-02-13,14.318100284039565,1,0,6.58,2.69,3.23,1027.34,708
2012-02-14,13.66774052931275,0,0,8.42,2.39,4.34,1024.57,713
2012-02-15,13.070299307586216,0,0,10.61,4.01,5.39,1025.18,725
2012-02-16,12.609079125102326,1,0,10.61,3.44,3.42,1027.4,733
2012-02-17,12.454447011548924,1,0,11.83,6.82,3.64,1023.17,736
2012-02-18,12.968527103523028,0,0,10.76,4.27,5.95,1012.6,738
2012-02-19,13.771525745121943,0,0,6.35,-2.96,3.81,1024.14,738
2012-02-20,13.326466846949607,0,0,8.44,-1.73,3.42,1032.06,754
2012-02-21,12.6532052317647,0,0,11.65,4.36,4.83,1028.85,765
2012-02-22,12.894526924487188,0,0,10.47,6.12,6.68,1024.07,780
2012-02-23,11.637106197218722,0,0,16.98,10.29,4.73,1022.96,791
2012-02-24,11.541637158728197,0,0,14.43,8.44,4.35,1027.25,802
2012-02-25,11.830631053167696,2,0,12.11,3.28,2.18,1027.58,805
2012-02-26,12.46898633341615,1,0,12.67,3.37,1.43,1028.24,805
2012-02-27,12.205383388888896,1,0,11.15,6.44,3.68,1024.91,819
2012-02-28,11.582278985748816,1,0,13.86,8.89,2.71,1023.97,828
2012-02-29,11.527463814709373,1,0,12.74,8.31,2.47,1024.65,843
2012-03-01,11.23077229976526,1,0,15.11,6.67,1.03,1026.15,852
2012-03-02,11.859172653765931,1,0,8.39,5.9,2.11,1025.57,863
2012-03-03,12.22215028843931,1,0,14.29,6.42,3.5,1018.94,865
2012-03-04,13.477100577687862,1,0,9.32,4.87,2.19,1016.56,865
2012-03-05,12.72644329679266,0,0,9.37,-0.17,8.01,1021.21,873
2012-03-06,13.042762385698198,1,0,7.22,1.63,1.93,1025.17,888
2012-03-07,12.76840533908686,0,0,10.75,3.86,4.26,1017.5,898
2012-03-08,12.061390963766526,0,0,12.03,1.64,3.54,1030.58,908
2012-03-09,12.162659044444446,0,0,10.86,5.51,4.01,1034.68,918
2012-03-10,11.940739462918916,1,0,15.39,8.37,3.15,1036.42,925
2012-03-11,12.068845408756756,1,0,15.55,7.37,1.25,1036.86,925
2012-03-12,10.997741252173924,1,0,13.86,6.53,1.02,1035.0,943
2012-03-13,11.004171519646574,1,0,10.89,5.45,1.55,1034.58,962
2012-03-14,11.005874488367349,1,0,12.41,4.08,2.03,1031.31,980
2012-03-15,10.979166167462678,1,0,16.79,5.72,1.41,1024.51,1005
2012-03-16,11.31975604927394,0,0,9.75,5.04,4.2,1018.93,1033
2012-03-17,11.84617980788462,1,0,10.75,6.99,3.44,1012.96,1040
2012-03-18,12.16989903875,1,0,9.76,3.89,1.84,1017.33,1040
2012-03-19,11.068731089822617,2,0,13.27,1.41,2.68,1032.01,1071
2012-03-20,10.754826170356802,2,0,14.48,4.41,2.42,1034.75,1093
2012-03-21,10.410130008993754,2,0,15.62,4.93,1.87,1034.03,1123
2012-03-22,10.261718527360138,2,0,15.81,5.28,3.71,1029.23,1144
2012-03-23,10.20269601634209,2,0,19.48,7.29,1.01,1026.63,1181
2012-03-24,10.314678722119424,2,0,18.83,6.81,2.12,1028.59,1189
2012-03-25,10.777870481412943,2,0,18.18,4.3,2.85,1036.22,1189
2012-03-25,10.777870481412943,1,0,13.79,4.69,2.58,1033.5,1189
2012-03-26,10.06233665976726,2,0,18.26,1.49,2.09,1036.33,1203
2012-03-27,9.642317171898103,2,0,21.14,1.45,0.82,1032.69,1217
2012-03-28,9.59753746180782,2,0,19.16,5.11,1.76,1027.92,1228
2012-03-29,9.4176674801626,2,0,17.12,6.67,1.28,1024.2,1230
2012-03-30,9.4121373994309,0,0,11.09,3.71,3.31,1019.84,1230
2012-03-31,10.503568881604547,2,0,12.88,-0.04,1.15,1020.81,1234
2012-04-01,10.815553846153843,2,0,15.04,2.18,1.14,1011.19,1235
2012-04-02,10.00050472768138,1,0,12.92,4.77,1.72,1003.25,1268
2012-04-03,10.258589466227718,1,0,10.18,3.03,1.03,1006.81,1291
2012-04-04,10.336115415413811,0,0,8.92,3.06,4.6,1018.58,1317
2012-04-05,10.728384786278893,2,0,12.28,0.39,2.48,1016.01,1341
2012-04-06,10.623490317585704,1,1,10.48,4.36,2.09,1012.32,1342
2012-04-07,10.39907158777033,1,0,13.08,6.43,2.85,1012.36,1341
2012-04-08,10.697976864477614,0,0,10.81,7.97,5.9,997.57,1340
2012-04-09,10.730299777330345,0,0,12.9,3.93,5.0,990.03,1341
2012-04-10,9.997315328467163,2,0,12.91,2.74,1.67,996.99,1370
2012-04-11,10.159927296151114,1,0,12.13,4.07,1.31,1002.96,1403
2012-04-12,10.205475398960514,1,0,12.02,3.93,0.65,1005.09,1443
2012-04-13,10.10841041467208,0,0,11.62,3.07,3.41,1007.83,1479
2012-04-14,10.346116823631506,0,0,9.12,0.21,4.65,1019.5,1498
2012-04-15,11.219102805540732,2,0,10.94,-1.87,0.59,1024.8,1498
2012-04-16,10.527709303359176,0,0,13.77,2.85,4.94,1002.45,1548
2012-04-17,10.71204940556599,0,0,10.01,5.74,5.1,982.22,1599
2012-04-18,10.883069740933918,1,0,9.93,6.34,3.78,984.05,1649
2012-04-19,10.781344726870934,1,0,12.46,5.19,3.28,993.06,1697
2012-04-20,10.360951779219295,0,0,12.45,3.41,3.63,997.0,1742
2012-04-21,10.311969953231287,0,0,14.03,4.69,4.35,1002.51,1764
2012-04-22,10.749830400794089,1,0,9.67,5.63,2.4,995.32,1763
2012-04-23,10.301148923662437,1,0,12.48,4.68,2.91,996.88,1813
2012-04-24,10.097559849651116,0,0,11.94,6.86,5.44,988.28,1863
2012-04-25,10.560316396542683,0,0,13.89,6.93,7.61,993.73,1909
2012-04-26,9.9737810743734,0,0,14.84,7.23,4.14,1009.84,1955
2012-04-27,9.716856788057472,1,0,10.03,7.3,4.9,1014.81,2018
2012-04-28,10.784470012487713,0,0,14.89,6.86,4.98,1004.79,2034
2012-04-29,11.615191154348906,2,0,17.15,7.05,4.69,1012.09,2035
2012-04-30,9.388977735575557,1,0,17.24,10.76,1.85,1015.82,2111
2012-05-01,9.26057805449953,1,0,13.81,8.57,3.3,1019.49,2178
2012-05-02,9.337539285892856,1,0,9.19,7.14,2.7,1012.04,2240
2012-05-03,10.070059282563196,1,0,9.02,5.93,2.56,1006.82,2294
2012-05-04,10.042719416723694,0,0,9.71,2.9,4.28,1009.49,2338
2012-05-05,10.27866143572335,1,0,8.37,2.79,2.75,1013.88,2357
2012-05-06,10.680439778541128,1,1,14.48,6.55,2.54,1014.29,2358
2012-05-07,10.567130563840603,1,0,17.24,10.02,3.13,1007.34,2359
2012-05-08,9.268705523517458,1,0,15.18,11.78,3.06,1008.41,2462
2012-05-09,9.53090253696515,0,0,17.12,13.92,6.59,1009.21,2524
2012-05-10,9.247434648027832,0,0,15.88,6.23,5.09,1021.32,2586
2012-05-11,8.766891182288903,2,0,14.44,1.98,2.6,1036.68,2665
2012-05-12,9.19524171303537,2,0,16.26,3.74,3.29,1030.8,2685
2012-05-13,9.538208566443188,0,0,11.41,6.17,4.56,1016.78,2685
2012-05-14,9.22955050483404,1,0,11.27,4.71,3.89,1015.41,2772
2012-05-15,9.496646912973326,2,0,13.46,2.52,2.65,1025.11,2852
2012-05-16,8.130020281265036,2,0,14.06,4.54,2.52,1017.46,2909
2012-05-17,8.854128547779624,2,0,15.77,8.52,2.19,1004.51,2995
2012-05-18,8.967059395910397,2,0,16.42,9.48,0.61,1009.32,3081
2012-05-19,9.047796457262498,0,0,12.18,7.63,4.33,1010.67,3105
2012-05-20,9.835753702833207,0,0,16.22,9.33,4.53,1009.14,3106
2012-05-21,8.874805877492978,2,0,24.43,12.84,3.98,1014.23,3199
2012-05-22,8.294594520882812,2,0,25.37,14.32,2.18,1022.31,3285
2012-05-23,8.10032587302298,2,0,25.45,15.89,1.93,1025.75,3351
2012-05-24,8.027959483705224,2,0,24.14,12.14,4.88,1023.35,3406
2012-05-25,8.027600808232226,2,0,24.64,10.24,5.15,1020.27,3462
2012-05-26,8.197496112093281,2,0,25.98,10.22,3.3,1018.48,3473
2012-05-27,8.51704029853196,2,0,25.58,12.16,0.71,1017.75,3474
2012-05-28,8.180329733740775,2,0,22.37,12.93,1.06,1017.29,3518
2012-05-29,8.080146457350876,2,0,24.11,12.61,2.37,1017.83,3571
2012-05-30,8.04028630622408,2,0,19.54,12.02,4.31,1018.59,3615
2012-05-31,8.14313931262269,2,0,20.08,12.69,0.84,1019.08,3668
2012-06-01,8.217856066720477,0,0,17.54,10.58,4.71,1014.89,3717
2012-06-02,8.514010691259022,1,0,12.19,10.73,4.54,1007.36,3741
2012-06-03,9.380666845481269,1,0,13.89,6.87,3.37,1013.69,3740
2012-06-04,8.913317294787483,1,1,15.0,8.14,3.42,1014.65,3741
2012-06-05,9.310457632558126,0,0,18.13,11.78,4.58,1002.58,3741
2012-06-06,8.500324011160947,1,0,17.29,12.18,4.24,998.19,3790
2012-06-07,8.829297731596792,0,0,15.17,9.71,8.64,998.33,3839
2012-06-08,8.878438031048686,0,0,17.92,6.44,6.62,1009.44,3881
2012-06-09,8.631450614790177,2,0,17.22,9.33,1.56,1008.58,3908
2012-06-10,9.189131047222943,1,0,13.28,11.57,4.37,1002.0,3907
2012-06-11,9.528709073973625,1,0,12.87,8.79,3.69,1008.62,3946
2012-06-12,9.229789513421974,2,0,17.51,6.68,1.01,1016.35,3986
2012-06-13,7.0569202092546215,2,0,18.08,8.21,4.6,1016.24,3998
2012-06-14,8.218452128000003,0,0,17.59,11.11,4.96,1008.12,3875
2012-06-15,7.276155577277389,0,0,17.47,9.73,7.3,1008.62,3908
2012-06-16,7.862512709221201,2,0,19.44,9.47,4.86,1016.26,3698
2012-06-17,8.972697356709075,2,0,18.87,9.48,2.39,1016.94,4084
2012-06-18,8.388796548201256,2,0,20.35,9.32,1.97,1019.22,4114
2012-06-19,8.180259921999033,2,0,21.16,9.49,2.63,1016.69,4132
2012-06-20,8.098401641057194,1,0,19.08,12.86,2.75,1006.07,4143
2012-06-21,8.468765896218686,0,0,17.53,10.62,7.04,1010.38,4152
2012-06-22,8.515098582111063,0,0,18.12,9.17,5.55,1019.39,4159
2012-06-23,8.676929323885933,2,0,19.88,11.14,4.44,1012.31,4174
2012-06-24,9.067161714470524,2,0,21.15,11.02,2.35,1017.44,4174
2012-06-25,8.329941880602703,2,0,22.92,12.14,2.82,1019.93,4181
2012-06-26,8.291646356129023,2,0,22.66,16.17,2.94,1017.53,4185
2012-06-27,8.318672314892588,2,0,27.16,16.52,3.03,1005.5,4190
2012-06-28,8.194856699856937,0,0,20.96,12.33,6.24,1004.93,4194
2012-06-29,8.267674445677546,0,0,20.13,11.43,5.76,1008.1,4199
2012-06-30,8.236026610239982,0,0,17.88,9.31,5.06,1014.12,4209
2012-07-01,8.747014021673012,0,0,17.58,12.17,4.51,1015.49,4208
2012-07-02,8.636879895707267,1,0,18.81,15.16,3.64,1013.77,4263
2012-07-03,8.394533379621848,2,0,21.44,15.78,3.35,1009.62,4284
2012-07-04,8.288182567184931,2,0,22.33,12.99,1.35,1009.33,4245
2012-07-05,8.150896273827035,2,1,18.7,13.22,2.46,1007.45,4348
2012-07-06,8.259490314662154,2,0,18.65,12.54,3.33,1007.26,4440
2012-07-07,8.502404236187306,1,0,18.77,14.02,1.08,1005.49,4485
2012-07-08,9.140210925328864,1,0,18.0,13.52,3.31,1010.95,4485
2012-07-09,8.56073073439014,1,0,17.46,12.53,3.33,1010.77,4542
2012-07-10,8.393934640522879,2,0,18.75,10.82,4.03,1010.87,4590
2012-07-11,8.267582704097443,2,0,18.67,10.29,3.27,1012.07,4637
2012-07-12,8.298652136324803,0,0,19.26,12.88,4.59,1002.07,4680
2012-07-13,8.288832236246023,1,0,16.44,12.58,1.68,1004.61,4715
2012-07-14,8.65660535813122,2,0,18.26,9.03,3.45,1015.16,4741
2012-07-15,8.696018982535321,0,0,17.06,12.67,5.27,1019.8,4741
2012-07-16,8.635236919810126,2,0,22.44,14.26,4.9,1022.06,4740
2012-07-17,8.201864768164578,0,0,18.52,14.28,5.3,1013.52,4740
2012-07-18,8.317679814342965,2,0,20.18,11.56,4.41,1010.4,4741
2012-07-19,8.184450400485408,2,0,17.77,11.44,1.52,1016.21,4738
2012-07-20,8.286871865816638,2,0,19.89,9.86,0.9,1023.63,4745
2012-07-21,8.192893783793469,2,0,22.86,10.53,3.0,1026.73,4745
2012-07-22,8.29480379277133,2,0,27.18,10.92,3.21,1023.04,4745
2012-07-23,8.046339372445756,2,0,28.32,12.24,0.87,1018.25,4747
2012-07-24,7.966585247881976,2,0,29.37,12.96,0.81,1016.59,4745
2012-07-25,8.056333964981015,2,0,26.44,12.8,2.8,1018.08,4746
2012-07-26,7.972827608851428,2,0,23.79,15.07,1.48,1012.66,4745
2012-07-27,8.282462299999972,2,0,21.09,8.16,2.52,1010.56,4748
2012-07-28,8.157967136064887,2,0,17.92,9.81,3.53,1011.76,4747
2012-07-29,8.624867311857617,2,0,19.69,7.83,4.22,1015.19,4748
2012-07-30,8.14223420469672,2,0,20.19,13.16,3.03,1014.62,4748
2012-07-31,8.268005468721093,2,0,22.57,13.95,3.24,1009.58,4754
2012-08-01,8.121562381632655,2,0,21.29,13.13,4.71,1010.31,4753
2012-08-02,8.022778034483473,2,0,21.77,12.09,4.37,1012.49,4753
2012-08-03,8.053070993656801,2,0,21.04,13.09,3.97,1010.03,4761
2012-08-04,8.213480361268635,2,0,20.69,12.76,2.23,1007.24,4761
2012-08-05,8.723626681407547,2,0,20.95,12.89,3.26,1009.08,4760
2012-08-06,8.326215919680736,2,0,19.32,11.42,3.83,1019.52,4761
2012-08-07,8.27297731646716,2,0,22.8,14.56,1.73,1022.61,4761
2012-08-08,8.06425288853181,2,0,25.92,13.31,0.52,1025.62,4761
2012-08-09,8.035574039277478,2,0,24.99,13.77,0.55,1026.05,4761
2012-08-10,8.028647478886516,2,0,22.91,12.38,4.3,1020.96,4760
2012-08-11,8.091458613592405,2,0,25.13,14.21,2.43,1012.34,4760
2012-08-12,8.463034453781495,2,0,22.68,14.78,2.92,1011.16,4760
2012-08-13,8.144699642827153,2,0,23.97,15.33,2.31,1011.08,4761
2012-08-14,7.946943080172224,2,0,22.57,15.23,2.67,1006.5,4761
2012-08-15,8.157101659525297,2,0,21.67,13.28,4.22,1014.08,4761
2012-08-16,8.017318066638659,2,0,27.23,14.11,3.71,1013.84,4760
2012-08-17,7.830606092773096,2,0,29.86,15.92,2.17,1013.75,4760
2012-08-18,8.074490018827486,2,0,28.88,17.77,0.76,1015.16,4759
2012-08-19,8.477218742698035,2,0,24.54,15.64,2.78,1019.31,4759
2012-08-20,8.200875998802006,2,0,22.09,13.99,2.54,1017.69,4758
2012-08-21,7.999322831169904,2,0,21.48,11.88,4.6,1017.28,4761
2012-08-22,7.903470291517915,2,0,22.04,11.29,2.6,1014.56,4763
2012-08-23,7.883942262544602,2,0,20.27,12.3,2.88,1005.28,4763
2012-08-24,7.956090489124503,1,0,20.93,14.85,3.94,1001.05,4763
2012-08-25,8.184809743490137,2,0,21.01,10.74,4.39,1014.38,4762
2012-08-26,8.162762445872735,2,0,20.99,12.62,3.82,1014.33,4761
2012-08-27,8.37163642049987,2,1,22.5,13.49,4.17,1012.79,4761
2012-08-28,8.102596597690034,1,0,19.69,12.95,4.15,1012.74,4762
2012-08-29,8.353825493931136,1,0,16.92,11.14,2.65,1016.19,4762
2012-08-30,8.403015752089901,2,0,17.72,5.08,3.21,1028.62,4761
2012-08-31,8.16314132746746,2,0,20.53,11.33,2.53,1026.14,4762
2012-09-01,8.362600293992823,1,0,18.35,13.66,3.11,1024.58,4761
2012-09-02,9.06756383834521,2,0,24.34,13.16,1.15,1025.68,4762
2012-09-03,8.424126023293425,2,0,24.79,14.14,1.9,1023.55,4761
2012-09-04,8.401733151186233,2,1,19.97,7.83,3.26,1026.74,4763
2012-09-05,8.218966841573964,2,0,20.76,8.34,1.88,1028.3,4765
2012-09-06,8.134430071608568,2,0,25.76,9.58,2.97,1024.47,4762
2012-09-07,8.090592569164563,2,0,27.12,9.27,1.39,1020.6,4764
2012-09-08,8.298888328337549,2,0,27.78,10.83,2.97,1011.85,4764
2012-09-09,8.655692275671715,0,0,20.21,14.19,5.69,1010.15,4764
2012-09-10,8.57563601987825,2,0,17.82,8.07,4.84,1012.33,4764
2012-09-11,8.297670932990556,2,0,17.92,7.95,3.93,1014.64,4765
2012-09-12,8.340625601571315,2,0,17.64,7.18,2.92,1018.75,4773
2012-09-13,8.299705538098253,2,0,20.69,10.23,5.42,1013.51,4785
2012-09-14,8.359788585398855,2,0,21.12,9.53,2.87,1017.25,4801
2012-09-15,8.463063528619047,2,0,18.31,11.04,3.88,1013.26,4801
2012-09-16,9.085466264556436,2,0,18.72,10.06,4.04,1012.36,4802
2012-09-17,8.632764182422372,2,0,17.19,6.77,4.39,1013.39,4830
2012-09-18,8.55694534935037,2,0,16.3,4.66,3.65,1021.81,4849
2012-09-19,8.62796481572014,2,0,17.38,7.24,3.17,1020.9,4860
2012-09-20,8.712346257374346,2,0,16.32,8.68,1.47,1015.46,4875
2012-09-21,8.880516980462378,2,0,15.62,5.38,1.98,1019.37,4888
2012-09-22,9.074549304214395,1,0,12.31,8.42,4.46,1009.6,4888
2012-09-23,10.57429711409864,1,0,15.2,11.14,2.53,989.47,4887
2012-09-24,9.701272486842653,0,0,15.47,8.56,4.92,988.79,4925
2012-09-25,9.304663425207709,1,0,15.14,10.23,2.57,992.07,4935
2012-09-26,9.429081904639911,1,0,16.61,9.5,2.17,1006.39,4957
2012-09-27,9.33279879572292,1,0,17.07,9.78,4.08,1012.91,4980
2012-09-28,9.345553046653336,2,0,15.83,6.81,3.36,1017.85,5005
2012-09-29,9.475827806692005,0,0,16.46,8.66,4.6,1019.0,5006
2012-09-30,10.248784016123938,1,0,16.24,12.43,4.57,1012.11,5005
2012-10-01,9.691739165407558,0,0,16.44,10.9,5.09,1010.12,5030
2012-10-02,9.516478672136635,0,0,14.34,8.97,4.65,1005.61,5064
2012-10-03,9.508226549655822,1,0,14.99,7.55,3.65,1008.02,5085
2012-10-04,9.460573305782058,1,0,15.6,10.05,3.0,1006.96,5102
2012-10-05,9.691480165135816,1,0,14.89,7.3,1.75,1012.51,5117
2012-10-06,9.689894141386713,1,0,13.64,7.43,0.4,1021.29,5120
2012-10-07,10.334055457703547,1,0,12.22,10.23,2.49,1015.27,5121
2012-10-08,10.247592320810702,1,0,14.23,8.4,2.66,1015.96,5156
2012-10-09,9.76510092545344,2,0,14.13,6.21,2.16,1015.24,5182
2012-10-10,9.77052175700808,1,0,14.88,10.58,3.2,1004.43,5194
2012-10-11,10.15557402394797,0,0,14.72,7.08,5.42,1005.33,5228
2012-10-12,9.75654903029269,1,0,11.53,6.15,2.18,1004.92,5262
2012-10-13,10.249087055749886,1,0,12.32,4.1,2.36,1002.5,5261
2012-10-14,10.90247899606538,1,0,13.03,6.39,2.97,1002.67,5261
2012-10-15,10.362698807160472,0,0,14.74,6.91,5.37,1000.8,5279
2012-10-16,10.030287332641104,0,0,16.6,9.87,4.66,998.22,5297
2012-10-17,9.93507179092279,1,0,16.04,11.2,4.18,1001.82,5321
2012-10-18,9.77831394915855,1,0,13.21,11.64,0.51,1007.63,5348
2012-10-19,10.315587022034228,1,0,14.01,10.16,0.86,1015.85,5378
2012-10-20,10.317547296524785,1,0,12.41,10.32,3.37,1018.09,5381
2012-10-21,11.136944423159862,1,0,14.73,13.32,2.57,1019.88,5380
2012-10-22,10.392050046962124,1,0,14.05,12.61,2.3,1023.66,5415
2012-10-23,10.248885131391306,1,0,16.18,12.82,3.45,1019.7,5441
2012-10-24,9.962104143197664,0,0,13.61,10.89,5.16,1016.51,5454
2012-10-25,10.24059401716215,0,0,10.11,4.64,5.19,1012.84,5483
2012-10-26,10.849869021503611,0,0,7.68,1.48,5.79,1015.91,5520
2012-10-27,11.519165761032598,1,0,9.17,3.96,3.13,1015.62,5520
2012-10-29,11.195814129003614,1,0,12.4,7.73,2.95,1008.71,5520
2012-10-30,10.999107628737075,1,0,10.92,5.0,2.37,1004.48,5519
2012-10-31,11.031705742815738,0,0,12.36,6.24,5.32,989.93,5519
2012-11-01,10.9935384049638,1,0,11.46,5.06,4.07,979.63,5520
2012-11-02,11.232420032584686,0,0,9.78,2.96,4.31,991.25,5521
2012-11-03,11.622884439920329,1,0,9.45,2.79,3.16,996.52,5521
2012-11-04,12.854538670403889,1,0,8.67,3.97,0.59,994.21,5521
2012-11-05,11.594202536920248,1,0,9.19,3.37,2.09,1006.26,5520
2012-11-06,11.72522284561913,1,0,9.67,3.89,3.58,1020.29,5524
2012-11-07,11.444797790423594,1,0,9.93,5.79,4.2,1024.32,5524
2012-11-08,11.145501811223756,1,0,12.34,6.19,3.72,1019.18,5524
2012-11-09,11.128208430414348,1,0,11.27,6.21,3.17,1010.05,5527
2012-11-10,11.621481186975396,1,0,10.31,7.38,2.38,997.84,5528
2012-11-11,12.234317473353816,1,0,9.87,3.49,1.98,1011.6,5528
2012-11-12,11.600934707270795,1,0,12.18,7.51,3.06,1020.98,5529
2012-11-13,10.885824199692538,1,0,14.66,10.34,3.23,1026.29,5529
2012-11-14,10.87946599980109,1,0,12.62,8.13,1.86,1026.48,5530
2012-11-15,11.128751172567828,1,0,9.07,5.96,0.62,1022.69,5530
2012-11-16,11.478583182513567,1,0,9.19,6.3,2.0,1014.76,5530
2012-11-17,11.707362682860264,1,0,12.44,8.66,1.69,1007.72,5531
2012-11-18,12.308595371271032,1,0,9.42,2.5,0.72,1014.66,5531
2012-11-19,11.602084236297868,1,0,11.23,5.32,4.13,1011.21,5532
2012-11-20,11.296755964244422,0,0,13.46,10.63,5.74,1008.74,5532
2012-11-21,11.520704266070169,1,0,11.87,7.8,2.82,1007.68,5532
2012-11-22,11.202515372151847,0,0,13.09,7.94,7.58,1011.36,5530
2012-11-23,11.2121175624887,1,0,10.7,6.02,2.71,1011.69,5529
2012-11-24,12.328872491879189,1,0,9.91,6.52,3.43,1010.19,5529
2012-11-25,12.395427952504024,0,0,12.54,6.88,6.54,1001.79,5531
2012-11-26,11.705020072459313,1,0,10.69,7.1,1.29,998.27,5530
2012-11-27,11.880259493146465,1,0,8.47,5.98,3.98,1003.65,5530
2012-11-28,12.169967093491223,0,0,6.89,3.31,5.17,1012.91,5531
2012-11-29,12.2647571876153,1,0,5.84,0.73,3.2,1012.58,5531
2012-11-30,12.506074140578685,1,0,4.37,-0.24,1.55,1011.91,5530
2012-12-01,13.35499258529837,1,0,5.73,-0.17,2.68,1014.56,5530
2012-12-02,13.936677280481163,1,0,4.76,-1.13,2.1,1016.35,5528
2012-12-03,12.614466438067709,1,0,10.22,4.75,3.55,1007.42,5527
2012-12-04,12.475686266727005,0,0,7.73,1.43,4.36,1003.4,5527
2012-12-05,12.95732398623372,1,0,3.89,-0.69,3.05,1008.05,5528
2012-12-06,13.243867584804669,1,0,4.84,-1.32,3.07,1013.58,5528
2012-12-07,13.041232815321994,0,0,6.33,1.59,5.63,1001.72,5528
2012-12-08,13.016709892277088,1,0,6.46,1.79,2.14,1023.19,5529
2012-12-09,13.661130042177602,0,0,8.66,3.43,5.44,1018.89,5529
2012-12-10,12.766962183607728,1,0,5.59,0.61,3.93,1022.18,5527
2012-12-11,11.989450975615036,1,0,2.7,-1.19,1.67,1029.42,5528
2012-12-12,13.513786865641418,1,0,1.8,-2.29,0.73,1020.51,5527
2012-12-13,13.583047757416752,1,0,1.58,-1.81,2.09,1005.66,5528
2012-12-14,13.328388637524862,1,0,10.34,5.46,4.22,985.82,5527
2012-12-15,12.701029847992,0,0,11.17,6.32,4.93,991.49,5528
2012-12-16,12.996269898317689,1,0,9.82,5.42,3.07,999.72,5528
2012-12-17,12.154732766184226,1,0,9.1,4.71,3.79,1001.69,5527
2012-12-18,12.13249196866994,1,0,7.96,4.36,2.17,1014.41,5541
2012-12-19,12.602631462694438,1,0,7.44,4.27,4.02,1016.68,5530
2012-12-20,12.461825669641566,1,0,9.57,7.49,3.54,1002.52,5524
2012-12-21,11.979354295324397,1,0,9.69,6.22,3.21,1009.54,5518
2012-12-22,12.583787021750943,1,0,13.07,9.32,3.91,1005.25,5517
2012-12-23,12.144241929125842,0,0,13.08,9.3,5.51,1003.59,5514
2012-12-24,12.28739560959551,1,0,12.3,8.28,4.28,999.12,5513
2012-12-25,12.749429555865836,1,1,9.14,6.27,4.39,995.66,5515
2012-12-26,11.883891891583527,0,1,10.18,5.73,5.05,1004.15,5513
2012-12-27,12.045296443795351,1,0,7.97,4.81,4.09,1005.46,5512
2012-12-28,11.969331580700128,1,0,12.34,7.73,4.78,1016.76,5513
2012-12-29,11.867786179325378,0,0,11.97,7.41,7.6,1004.18,5514
2012-12-30,12.097463085887895,0,0,10.9,3.9,6.82,1009.95,5513
2012-12-31,12.103343794448495,0,0,9.24,3.28,4.55,1007.65,5512
2013-01-01,12.04013640491563,1,1,7.49,2.4,4.0,1016.89,5513
2013-01-02,12.207860123349084,1,0,10.82,5.41,3.72,1023.12,5512
2013-01-03,11.592598693323652,1,0,11.41,9.12,4.36,1032.61,5512
2013-01-04,11.608140006819031,1,1,10.79,7.31,4.28,1037.15,5514
2013-01-05,11.928396081828064,1,0,10.66,7.82,3.15,1035.16,5514
2013-01-06,12.64684830268556,1,0,8.61,7.0,2.23,1032.19,5511
2013-01-07,11.863998548920728,1,0,9.08,6.78,3.27,1026.88,5513
2013-01-08,11.431618969749746,1,0,11.23,7.77,3.71,1024.17,5514
2013-01-09,11.520570081867662,1,0,9.21,5.61,0.93,1021.19,5515
2013-01-10,12.278978958244178,1,0,3.43,1.46,1.55,1015.8,5513
2013-01-11,12.317584680159694,1,0,5.7,1.68,0.4,1017.62,5509
2013-01-12,13.299322316687862,0,0,4.53,0.79,4.76,1012.97,5507
2013-01-13,13.895642221092734,1,0,3.48,-1.76,3.13,1018.81,5509
2013-01-14,13.409792845987663,1,0,2.94,-0.61,2.08,1011.47,5508
2013-01-15,13.16321391027777,1,0,2.38,-0.89,3.28,1008.99,5507
2013-01-16,13.367239961671237,1,0,-0.06,-2.6,0.93,1013.33,5505
2013-01-17,13.50324590994185,1,0,2.88,-2.88,1.01,1017.44,5502
2013-01-18,14.298728148646155,0,0,1.33,-2.88,5.2,1004.05,5503
2013-01-19,14.976906397091884,1,0,0.85,-1.83,4.16,997.28,5502
2013-01-20,15.29555343538717,1,0,0.08,-1.87,3.18,994.89,5502
2013-01-21,13.86969150943467,1,0,1.17,-1.86,1.22,994.61,5501
2013-01-22,13.749200545309074,1,0,2.82,-1.46,3.44,1001.55,5500
2013-01-23,13.55199545413566,1,0,2.82,-0.68,4.23,1007.72,5501
2013-01-24,13.58059123265416,1,0,2.23,-1.81,2.07,1016.41,5497
2013-01-25,13.637217468444064,1,0,2.98,-2.16,3.2,1014.52,5495
2013-01-26,13.066760144913548,1,0,7.56,2.87,3.61,1006.45,5495
2013-01-27,13.159661691337588,0,0,10.26,4.08,6.6,997.84,5495
2013-01-28,12.558834757779833,0,0,10.54,4.14,5.95,1005.47,5495
2013-01-29,11.827657746258891,0,0,13.09,9.99,7.22,1003.25,5493
2013-01-30,11.279027123721104,0,0,12.56,5.96,7.85,1006.93,5493
2013-01-31,11.49410677806115,0,0,9.94,4.39,7.3,1012.39,5488
2013-02-01,11.80578249792162,1,0,8.03,3.73,2.83,1002.38,5485
2013-02-02,12.572152570816623,0,0,5.56,-0.82,4.97,1015.47,5486
2013-02-03,13.525207034791306,0,0,9.12,2.24,4.32,1018.69,5487
2013-02-04,11.818024067110262,0,0,10.2,3.74,6.82,1012.2,5485
2013-02-05,12.204094439963514,0,0,6.44,-0.18,7.3,1000.03,5485
2013-02-06,12.45326599639013,0,0,6.16,0.5,6.04,1006.64,5485
2013-02-07,12.43567888349742,0,0,5.53,-1.83,3.57,1017.82,5484
2013-02-08,12.3149956212475,1,0,5.59,-0.32,3.08,1019.29,5483
2013-02-09,13.080679737534217,1,0,3.68,0.73,0.68,1018.79,5483
2013-02-10,13.812775488965944,1,0,4.73,2.29,4.86,999.65,5483
2013-02-11,13.2757013129832,1,0,1.88,0.27,3.36,999.17,5484
2013-02-12,13.14933588760031,1,0,2.24,-2.12,2.87,1015.13,5484
2013-02-13,12.915861859963464,1,0,3.09,-2.72,3.48,1021.27,5480
2013-02-14,12.189810548293488,1,0,10.59,4.54,2.96,1011.45,5479
2013-02-15,11.756104016186098,1,0,9.76,2.22,2.49,1019.7,5480
2013-02-16,11.76116608868404,1,0,10.13,1.36,1.11,1023.52,5479
2013-02-17,12.25360208164718,1,0,9.49,1.91,2.79,1021.74,5476
2013-02-18,11.722360350273764,1,0,7.65,1.32,2.86,1020.42,5478
2013-02-19,11.582444971334509,1,0,10.12,0.3,0.4,1019.55,5470
2013-02-20,11.917007502305134,0,0,4.88,-0.48,4.86,1023.08,5466
2013-02-21,12.761039137436011,0,0,2.28,-5.51,5.58,1023.97,5468
2013-02-22,13.07245705718735,0,0,1.36,-5.38,4.79,1020.5,5461
2013-02-23,13.485026195200572,0,0,1.74,-4.22,3.92,1020.81,5459
2013-02-24,14.23521307929643,0,0,2.35,-3.17,4.47,1023.88,5458
2013-02-25,13.273277654798582,0,0,4.39,0.51,4.8,1026.97,5460
2013-02-26,12.77751969287415,1,0,4.93,2.55,4.34,1032.15,5459
2013-02-27,12.255488916926176,1,0,6.11,0.84,4.4,1034.17,5459
2013-02-28,12.20673318467475,0,0,7.26,0.96,4.25,1029.69,5442
2013-03-01,12.273096322683832,1,0,6.62,0.98,3.77,1029.18,5440
2013-03-02,12.552076301636347,1,0,4.69,-1.48,2.02,1027.67,5439
2013-03-03,12.950461028161753,1,0,7.83,0.26,2.2,1023.52,5440
2013-03-04,11.68270787264535,1,0,8.99,0.86,3.66,1013.74,5436
2013-03-05,11.055232015547393,2,0,16.06,3.28,1.6,1004.57,5435
2013-03-06,10.866942602796186,2,0,13.14,4.95,2.41,1000.69,5436
2013-03-07,11.091044718825923,1,0,9.63,7.51,2.2,996.96,5434
2013-03-08,11.134976606667877,1,0,9.61,8.38,1.75,997.56,5429
2013-03-09,11.788180326468982,1,0,8.01,4.62,2.52,1002.41,5429
2013-03-10,13.05691750959306,0,0,3.45,-0.37,5.05,1005.94,5431
2013-03-11,13.330810531854238,0,0,1.22,-4.67,8.17,1007.26,5431
2013-03-12,13.068833853950943,0,0,3.86,-5.54,6.81,1008.83,5429
2013-03-13,12.321935863748587,0,0,6.42,-1.54,3.65,1010.59,5426
2013-03-14,11.986765117883524,1,0,6.56,-3.24,1.81,1015.57,5424
2013-03-15,11.794797050820293,0,0,8.27,2.72,5.82,1007.6,5425
2013-03-16,12.398684918418155,0,0,7.51,4.27,6.75,996.08,5424
2013-03-17,12.797648284950252,1,0,7.3,3.16,2.1,990.34,5422
2013-03-18,12.012014020697295,1,0,7.35,2.21,0.73,991.02,5421
2013-03-19,11.58508576090005,1,0,7.72,1.92,1.56,997.51,5422
2013-03-20,11.85957140123616,1,0,5.87,1.59,2.37,1006.74,5420
2013-03-21,11.695234458789848,0,0,6.27,-0.18,4.73,1015.96,5421
2013-03-22,12.28209427913282,0,0,5.01,0.38,7.92,1009.8,5420
2013-03-23,13.673465017020485,0,0,3.06,0.43,6.42,1009.85,5417
2013-03-24,14.423328102418758,0,0,1.53,-2.86,6.06,1012.85,5416
2013-03-25,13.344820933616438,0,0,1.81,-4.59,5.95,1014.28,5417
2013-03-26,13.126314990324929,0,0,1.75,-4.69,4.99,1013.39,5416
2013-03-27,12.707173840938475,0,0,3.82,-4.47,3.95,1011.63,5413
2013-03-28,12.26301830935827,0,0,4.08,-3.94,3.57,1012.3,5407
2013-03-29,12.438241540225643,0,1,5.31,-4.23,3.52,1010.88,5407
2013-03-30,12.008753788669129,0,0,4.87,-2.47,3.61,1011.38,5410
2013-03-31,12.149713864879857,0,0,5.88,-3.45,5.5,1011.52,5410
2013-03-31,12.149713864879857,1,0,4.96,-3.57,2.8,1014.56,5410
2013-04-01,12.190107678482931,0,0,7.71,-4.69,5.5,1014.63,5405
2013-04-02,11.461966155076768,0,0,4.09,-3.7,5.84,1017.4,5407
2013-04-03,12.128211616333662,0,0,2.91,-2.06,5.76,1014.22,5406
2013-04-04,12.42413006449584,0,0,7.34,-3.08,5.89,1015.19,5405
2013-04-05,11.932876341743777,2,0,9.87,-2.24,2.75,1023.34,5402
2013-04-06,11.291020736567312,2,0,10.37,-2.76,2.04,1020.37,5401
2013-04-07,11.349479443907445,0,0,9.99,-0.36,4.97,1005.84,5400
2013-04-08,10.781257641192813,1,0,8.81,3.41,3.87,997.5,5399
2013-04-09,11.095032791756251,1,0,10.59,3.18,1.07,1003.54,5398
2013-04-10,10.580295774462543,1,0,11.3,6.18,2.28,997.1,5396
2013-04-11,10.75695403063943,1,0,11.51,6.92,3.04,997.53,5395
2013-04-12,10.5686763672104,1,0,11.42,7.01,4.42,1011.09,5395
2013-04-13,10.747879495216868,0,0,19.88,9.24,6.56,1013.12,5394
2013-04-14,10.22908789007977,0,0,15.43,7.8,5.4,1016.86,5393
2013-04-15,9.499998144687558,0,0,16.55,6.83,5.75,1015.5,5393
2013-04-16,9.407926000352388,0,0,17.95,9.18,5.53,1014.48,5392
2013-04-17,9.351381746930088,0,0,14.11,4.05,8.12,1013.1,5391
2013-04-18,9.426968639506416,2,0,11.95,3.68,2.33,1025.56,5389
2013-04-19,9.620952257328623,2,0,13.14,1.01,2.21,1032.63,5383
2013-04-20,9.671742618291573,2,0,14.12,0.96,2.14,1021.92,5385
2013-04-21,10.182003898162575,0,0,14.32,5.68,4.12,1016.11,5388
2013-04-22,9.589690064048266,2,0,20.25,8.31,3.48,1019.23,5385
2013-04-23,8.827636701783051,2,0,19.35,9.87,3.03,1023.67,5384
2013-04-24,8.654983661251407,2,0,22.08,10.36,3.2,1020.93,5386
2013-04-25,8.427985337583502,2,0,13.28,3.07,3.42,1015.24,5388
2013-04-26,8.941208209212496,1,0,10.36,1.85,2.7,1015.1,5384
2013-04-27,9.695232670618848,2,0,11.59,0.63,3.27,1017.0,5381
2013-04-28,10.171564766530402,2,0,13.41,2.25,4.51,1016.36,5381
2013-04-29,9.222529641126192,2,0,13.71,2.28,2.84,1024.5,5381
2013-04-30,9.007757063977698,2,0,16.32,1.83,2.95,1024.26,5380
2013-05-01,8.95600929390335,2,0,16.96,-1.68,2.9,1022.7,5380
2013-05-02,8.712153058917618,2,0,19.71,3.28,2.71,1019.76,5377
2013-05-03,8.547802419218598,0,0,16.31,5.3,5.16,1017.3,5375
2013-05-04,9.038999439940422,2,0,17.79,7.17,2.26,1021.76,5373
2013-05-05,8.966461367026643,2,0,20.99,8.15,1.13,1020.13,5371
2013-05-06,8.814279649264549,2,0,19.82,6.68,2.07,1016.51,5371
2013-05-07,8.466664246603383,2,0,16.81,9.65,3.21,1007.4,5373
2013-05-08,8.659600818823334,0,0,14.28,5.48,7.13,1008.69,5371
2013-05-09,8.865800744990693,0,0,17.17,7.43,6.74,1010.14,5370
2013-05-10,8.75862774631283,0,0,13.18,5.99,4.83,1010.93,5370
2013-05-11,9.446321788230922,0,0,14.81,5.66,5.33,1014.56,5370
2013-05-12,9.978401378766977,0,0,14.06,5.51,6.61,1011.68,5369
2013-05-13,8.965449599124304,1,0,10.94,5.73,3.97,1003.62,5367
2013-05-14,9.464660459024014,0,0,13.64,4.12,5.86,994.19,5369
2013-05-15,9.409092941385726,2,0,15.13,4.78,1.64,999.92,5369
2013-05-16,8.988013979254449,1,0,11.3,5.77,2.35,1005.87,5365
2013-05-17,9.3948552765386,2,0,14.56,5.68,1.94,1008.08,5362
2013-05-18,9.310209583777718,2,0,17.85,7.71,2.12,1011.12,5363
2013-05-19,9.386164118258082,1,0,16.87,11.42,3.7,1011.37,5362
2013-05-20,9.170146427718691,0,0,16.22,9.39,4.21,1015.56,5361
2013-05-21,8.917130922510285,2,0,14.02,5.89,3.25,1018.45,5362
2013-05-22,8.976770894141787,0,0,10.26,1.88,4.18,1013.55,5360
2013-05-23,9.05511426392832,1,0,8.21,4.4,2.24,1009.4,5356
2013-05-24,9.739222241836156,2,0,14.87,3.72,3.46,1020.26,5359
2013-05-25,9.075057099589465,2,0,18.82,3.14,2.79,1018.43,5359
2013-05-26,8.737177677006375,2,0,17.28,4.06,4.34,1009.15,5358
2013-05-27,8.704957259537181,1,1,12.13,8.67,1.48,1000.65,5358
2013-05-28,9.147628524229962,1,0,12.79,8.79,2.14,1004.27,5357
2013-05-29,9.263524448712204,1,0,14.69,10.28,3.44,1010.33,5358
2013-05-30,9.206452101008376,2,0,21.68,10.44,3.45,1017.87,5355
2013-05-31,8.579501212618972,2,0,17.34,7.56,3.35,1022.85,5357
2013-06-01,8.622077483103066,2,0,18.83,5.82,2.4,1028.53,5356
2013-06-02,8.887809079562848,2,0,18.66,6.34,2.84,1031.47,5353
2013-06-03,8.261968253650828,2,0,20.07,6.01,4.16,1027.0,5355
2013-06-04,8.170551924187501,2,0,19.64,8.12,3.59,1021.53,5354
2013-06-05,8.158231832766637,2,1,20.88,8.33,4.28,1021.53,5353
2013-06-06,8.116726456502263,2,0,19.64,8.24,4.3,1023.0,5352
2013-06-07,8.213298372256501,0,0,17.06,7.26,5.44,1021.44,5349
2013-06-08,8.42439921404263,0,0,14.17,7.13,4.59,1016.69,5348
2013-06-09,9.323727460418992,2,0,14.56,6.35,1.67,1015.7,5346
2013-06-10,8.733235679165103,1,0,16.96,10.87,3.0,1013.81,5342
2013-06-11,8.608002246228695,0,0,16.96,13.22,5.94,1011.39,5343
2013-06-12,8.823053390014984,0,0,17.59,10.14,6.8,1011.04,5338
2013-06-13,8.700631973305851,2,0,18.81,8.18,4.12,1016.14,5342
2013-06-14,8.34785358548962,0,0,16.27,9.15,6.04,1008.6,5341
2013-06-15,8.808488947564614,2,0,17.34,8.74,3.05,1013.64,5338
2013-06-16,8.98640588162574,2,0,20.4,9.59,4.6,1014.05,5339
2013-06-17,8.369444922648913,2,0,20.33,13.19,0.97,1014.27,5338
2013-06-18,8.35186848932182,2,0,25.56,15.19,0.95,1014.65,5338
2013-06-19,8.17015358726355,2,0,20.19,14.68,1.34,1012.05,5339
2013-06-20,8.340346197096267,2,0,20.38,13.56,3.59,1010.05,5338
2013-06-21,8.229902753663103,0,0,17.54,11.12,6.78,1007.11,5337
2013-06-22,8.566564630591971,0,0,16.51,10.42,6.28,1009.25,5338
2013-06-23,9.17223448978445,2,0,16.1,7.04,4.16,1021.79,5335
2013-06-24,8.573445527695492,2,0,18.76,6.54,1.95,1028.61,5333
2013-06-25,8.171689783636383,2,0,20.61,8.75,1.98,1029.89,5335
2013-06-26,8.178193778467012,2,0,19.23,9.39,2.69,1026.49,5336
2013-06-27,8.246932184750836,1,0,20.16,13.92,3.46,1019.73,5338
2013-06-28,8.444966079291616,2,0,21.19,9.2,3.36,1022.39,5336
2013-06-29,8.252048557367832,2,0,25.17,13.17,4.28,1021.6,5334
2013-06-30,8.60531190305529,2,0,19.78,9.34,3.94,1017.04,5335
2013-07-01,8.254715651527661,2,0,17.5,9.93,3.08,1011.64,5335
2013-07-02,8.405735006671692,2,0,19.69,13.0,3.67,1008.35,5336
2013-07-03,8.351101443690215,2,0,22.89,13.32,3.97,1019.37,5333
2013-07-04,8.169004502363961,2,0,24.62,11.66,0.63,1028.43,5330
2013-07-05,8.120986659094376,2,0,26.47,12.57,1.34,1029.5,5322
2013-07-06,8.141051909328544,2,0,27.28,13.97,2.5,1031.56,5317
2013-07-07,8.473992851034604,2,0,25.18,12.9,3.92,1032.66,5316
2013-07-08,8.107475545485324,2,0,25.61,8.84,3.27,1028.39,5316
2013-07-09,7.999089779239604,2,0,23.19,11.16,3.88,1025.5,5313
2013-07-10,7.992271033427432,2,0,21.69,8.64,3.65,1025.45,5313
2013-07-11,7.9147387133370675,2,0,23.92,11.49,1.84,1025.08,5316
2013-07-12,7.953670683901342,2,0,29.16,15.26,0.86,1023.97,5311
2013-07-13,8.07735398273396,2,0,27.83,14.39,0.86,1023.66,5311
2013-07-14,8.476492371369385,2,0,29.3,9.74,0.84,1023.14,5309
2013-07-15,8.208423511510942,2,0,29.2,13.56,0.48,1022.88,5308
2013-07-16,8.16565687397364,2,0,30.28,13.46,1.24,1023.84,5310
2013-07-17,8.213160482482596,2,0,27.56,13.54,3.24,1026.15,5309
2013-07-18,8.145552562792,2,0,27.27,12.44,4.26,1025.17,5308
2013-07-19,8.01966490872105,2,0,22.49,14.4,4.37,1023.47,5309
2013-07-20,8.163581653381058,2,0,26.03,14.71,3.44,1019.71,5309
2013-07-21,8.348371842480244,2,0,32.16,15.81,1.62,1016.02,5306
2013-07-22,8.323633432642282,2,0,27.13,17.61,1.84,1013.38,5306
2013-07-23,8.361711726734544,2,0,26.24,14.13,3.59,1014.24,5304
2013-07-24,8.013182263905655,2,0,25.13,15.38,3.05,1012.93,5300
2013-07-25,8.108120353895503,2,0,26.19,12.7,1.6,1012.42,5301
2013-07-26,7.933001511138383,2,0,27.28,13.92,0.63,1006.91,5297
2013-07-27,8.218013404436448,2,0,23.14,13.99,5.02,1006.68,5297
2013-07-28,8.32716446425604,2,0,22.36,14.19,5.42,1011.33,5296
2013-07-29,8.04405325822475,2,0,20.91,15.21,3.99,1013.58,5295
2013-07-30,8.134429164223677,2,0,23.56,15.78,4.47,1015.34,5294
2013-07-31,8.098594824877232,2,0,32.4,16.92,3.68,1009.49,5294
2013-08-01,8.057475713192227,2,0,24.64,15.13,3.89,1008.75,5291
2013-08-02,8.129548686046515,2,0,23.17,13.17,4.85,1014.89,5289
2013-08-03,7.879859681713297,2,0,22.98,12.82,4.52,1019.02,5288
2013-08-04,8.216610291524786,2,0,22.72,14.37,3.13,1012.36,5286
2013-08-05,8.145936659973517,2,0,22.11,10.77,1.35,1015.69,5289
2013-08-06,7.85735231782404,2,0,21.49,10.71,2.95,1014.33,5285
2013-08-07,7.7700333268131025,2,0,23.81,10.42,1.47,1019.26,5281
2013-08-08,7.814428220075759,2,0,23.85,12.55,3.0,1018.82,5280
2013-08-09,7.840343939583327,2,0,21.73,8.98,2.82,1021.99,5280
2013-08-10,7.860265669740577,2,0,22.76,10.78,3.8,1018.13,5281
2013-08-11,8.171933182131372,2,0,20.39,8.99,3.6,1016.89,5283
2013-08-12,7.93221731752558,2,0,19.8,9.51,3.63,1021.59,5278
2013-08-13,7.882584234186087,2,0,22.04,12.3,2.79,1022.81,5277
2013-08-14,7.858955862398196,2,0,23.46,15.78,4.44,1018.77,5279
2013-08-15,7.950178252907761,2,0,21.66,15.74,3.86,1015.02,5279
2013-08-16,8.014827396438074,0,0,20.22,13.68,5.13,1012.65,5278
2013-08-17,8.162498292220139,2,0,22.42,13.61,4.45,1009.48,5270
2013-08-18,8.349767579589493,2,0,22.02,9.32,3.25,1019.36,5262
2013-08-19,7.962153772837873,2,0,23.53,9.7,1.6,1027.38,5261
2013-08-20,7.79414131014243,2,0,25.57,11.59,2.36,1023.87,5265
2013-08-21,7.821499809874668,1,0,21.13,16.62,1.09,1019.89,5266
2013-08-22,8.186675280543408,2,0,26.03,15.58,3.34,1014.88,5263
2013-08-23,7.961714638339976,1,0,19.51,15.99,2.57,1010.79,5253
2013-08-24,8.41822833622168,2,0,22.74,14.34,2.66,1012.96,5251
2013-08-25,8.266430965797008,2,0,24.32,13.13,2.65,1018.33,5251
2013-08-26,8.148583047466678,2,1,22.78,10.67,1.89,1018.6,5250
2013-08-27,8.034243381870102,2,0,23.38,11.23,0.85,1022.24,5251
2013-08-28,7.953411081911671,2,0,23.19,9.62,2.75,1021.8,5252
2013-08-29,7.885183167897959,2,0,24.03,12.18,3.91,1019.63,5252
2013-08-30,7.991473533739544,2,0,19.87,8.51,3.37,1025.01,5252
2013-08-31,8.078200190380946,2,0,21.07,8.36,3.36,1029.46,5250
2013-09-01,8.574716516022088,2,0,24.94,12.37,3.28,1027.0,5249
2013-09-02,8.182441439363902,2,0,23.92,14.63,0.5,1027.04,5251
2013-09-03,8.17522300470384,2,0,27.04,14.8,1.86,1021.14,5251
2013-09-04,8.17659249291293,2,0,28.49,15.23,0.78,1011.32,5249
2013-09-05,8.226559641425323,2,0,18.32,12.51,1.92,1008.5,5248
2013-09-06,8.455640854243738,2,0,17.7,9.56,3.43,1013.82,5243
2013-09-07,8.47504023564074,1,0,16.86,8.91,2.74,1017.99,5244
2013-09-08,9.007384292432317,1,0,10.63,8.26,1.61,1018.08,5246
2013-09-09,8.96292297405146,0,0,16.65,8.89,4.22,1020.2,5245
2013-09-10,8.882036047682623,0,0,16.49,9.98,4.01,1020.96,5243
2013-09-11,9.013635755962566,1,0,18.02,12.51,1.24,1019.29,5241
2013-09-12,8.729890585946162,1,0,18.09,15.51,0.97,1017.09,5237
2013-09-13,8.996404429196106,1,0,13.85,9.98,2.95,1015.54,5237
2013-09-14,9.480442620183316,0,0,15.36,9.32,4.65,1010.26,5237
2013-09-15,10.067254107451308,0,0,14.08,5.26,5.55,1002.85,5234
2013-09-16,9.107003248251424,1,0,13.7,8.37,3.33,1000.28,5233
2013-09-17,9.406194954644494,1,0,15.18,8.8,3.44,1003.41,5232
2013-09-18,9.037244219797412,1,0,15.84,9.46,3.76,1010.33,5233
2013-09-19,9.285239999004787,2,0,18.41,9.13,2.45,1017.72,5225
2013-09-20,8.962726315157932,1,0,18.18,12.37,2.8,1024.26,5225
2013-09-21,9.216412452298844,1,0,18.84,15.16,1.96,1027.75,5220
2013-09-22,9.687751867733256,1,0,19.64,13.87,0.88,1024.98,5219
2013-09-23,8.983900171354668,1,0,21.47,13.61,1.18,1016.64,5219
2013-09-24,8.6769551728927,2,0,20.87,14.34,0.51,1011.86,5220
2013-09-25,8.710290995402294,2,0,18.88,11.82,3.1,1016.43,5220
2013-09-26,8.648313792432964,1,0,16.99,10.18,3.45,1016.27,5220
2013-09-27,8.678392062710872,0,0,18.36,11.73,4.46,1009.88,5216
2013-09-28,9.152620617436272,0,0,17.36,11.37,4.76,1006.89,5219
2013-09-29,9.602626365663884,2,0,18.81,11.64,3.68,1006.77,5219
2013-09-30,9.001143923495585,1,0,17.28,11.33,4.02,1009.02,5218
2013-10-01,9.069413050556642,1,0,19.02,13.64,3.51,1010.58,5210
2013-10-02,9.08061504446361,1,0,18.45,14.91,3.37,1008.9,5211
2013-10-03,9.040226338740649,1,0,20.82,15.39,4.04,1009.01,5209
2013-10-04,8.85496333284701,1,0,17.94,13.26,1.58,1019.72,5209
2013-10-05,9.318227917473092,2,0,19.19,10.39,1.53,1025.61,5208
2013-10-06,9.548689011121771,1,0,18.57,12.14,2.43,1025.51,5206
2013-10-07,9.117175373127152,1,0,19.62,13.79,3.13,1024.75,5206
2013-10-08,8.928814216829968,2,0,16.48,9.58,3.89,1019.97,5205
2013-10-09,9.101893351960063,0,0,11.82,3.67,6.07,1018.36,5204
2013-10-10,9.462990588707546,0,0,13.16,8.97,5.86,1017.55,5207
2013-10-11,10.037240161777712,1,0,14.17,8.53,2.36,1018.13,5209
2013-10-12,9.76319796401691,1,0,11.47,8.92,3.78,1010.8,5208
2013-10-13,11.14996638321165,1,0,11.34,8.1,3.71,1007.43,5206
2013-10-14,10.20691239179638,1,0,12.58,8.44,2.97,1010.38,5205
2013-10-15,9.813632378081111,1,0,14.87,8.97,1.84,1010.46,5201
2013-10-16,10.148758222754374,1,0,17.29,11.19,4.15,1013.27,5199
2013-10-17,9.638016169740125,1,0,17.16,12.04,2.76,1014.16,5195
2013-10-18,9.52648508751203,1,0,17.52,13.38,3.06,1005.58,5197
2013-10-19,9.78929940330961,1,0,17.04,12.21,4.29,1005.32,5197
2013-10-20,10.338938595187685,0,0,17.53,13.38,4.81,1005.88,5195
2013-10-21,9.638686236592871,0,0,18.03,14.21,4.84,997.55,5195
2013-10-22,9.464928021401064,0,0,16.53,10.86,5.29,998.6,5196
2013-10-23,9.332439352984192,1,0,16.91,9.37,2.1,1013.45,5194
2013-10-24,9.364714147314722,1,0,18.47,13.26,4.14,1005.16,5195
2013-10-25,9.340286868810187,0,0,16.66,12.75,6.35,1004.52,5194
2013-10-26,9.7891087792838,0,0,15.87,10.34,7.05,996.66,5194
2013-10-28,10.067728446150896,0,0,16.06,9.18,7.68,992.5,5196
2013-10-29,10.097481231491816,0,0,12.38,5.21,4.77,1010.58,5195
2013-10-30,10.123821104756406,1,0,13.57,6.24,3.67,1020.1,5193
2013-10-31,10.167557503197814,1,0,13.11,10.68,4.42,1016.56,5191
2013-11-01,9.999953187516889,1,0,13.97,10.82,2.95,1008.97,5191
2013-11-02,10.163593106932431,0,0,15.08,8.58,4.55,998.6,5193
2013-11-03,11.244362602657436,0,0,11.43,4.57,5.3,998.64,5193
2013-11-04,10.516983430404602,1,0,9.98,4.38,2.94,991.64,5190
2013-11-05,10.903246145181145,1,0,12.39,5.82,3.96,994.74,5188
2013-11-06,10.660679514068232,0,0,14.87,9.99,4.86,999.46,5189
2013-11-07,10.299960083976092,1,0,14.7,7.44,2.89,1006.38,5186
2013-11-08,10.72044202116536,1,0,11.0,6.02,2.0,1005.53,5183
2013-11-09,11.504524965991903,1,0,7.06,4.11,1.9,1006.05,5187
2013-11-10,11.747537973072475,1,0,9.22,2.49,2.61,1015.79,5188
2013-11-11,11.197234579491116,1,0,12.63,7.8,3.65,1022.52,5188
2013-11-12,10.59622106533568,1,0,13.11,8.19,2.26,1026.13,5184
2013-11-13,10.882942150077154,1,0,9.94,3.22,2.3,1032.0,5186
2013-11-14,10.846094118919972,0,0,9.62,3.61,4.6,1023.75,5185
2013-11-15,10.98082738561232,1,0,9.25,1.52,2.57,1032.71,5185
2013-11-16,11.490726744866851,1,0,9.14,3.66,1.4,1031.84,5182
2013-11-17,12.086813513223964,1,0,9.57,6.73,0.87,1024.24,5180
2013-11-18,11.233170204515616,1,0,9.3,7.23,1.77,1010.92,5182
2013-11-19,11.28150608822735,0,0,6.78,-0.34,3.57,1013.76,5173
2013-11-20,12.030729049506483,1,0,6.38,0.72,3.41,1003.95,5167
2013-11-21,11.829986634366517,0,0,7.91,1.82,4.83,1004.26,5162
2013-11-22,11.707283721511642,0,0,7.89,1.52,4.31,1017.66,5160
2013-11-23,11.978300697848008,1,0,7.41,2.72,3.37,1024.21,5158
2013-11-24,12.654425069735307,1,0,8.02,3.17,3.55,1030.42,5138
2013-11-25,11.766032113799158,1,0,7.29,2.08,3.33,1037.52,5138
2013-11-26,11.623210588127671,1,0,7.23,0.86,2.17,1038.71,5138
2013-11-27,11.489439789166044,1,0,10.32,6.37,1.35,1033.95,5132
2013-11-28,11.238788151451931,1,0,9.9,6.94,1.23,1034.64,5131
2013-11-29,11.181022610896674,0,0,10.18,4.59,4.4,1026.65,5130
2013-11-30,11.71671475880289,0,0,8.38,2.1,3.68,1027.3,5129
2013-12-01,12.465284906279235,1,0,9.42,3.48,1.02,1032.9,5128
2013-12-02,11.43227442837918,1,0,9.42,4.41,1.36,1033.95,5127
2013-12-03,11.62398926679024,1,0,7.22,1.56,0.96,1029.5,5125
2013-12-04,11.569520974634155,1,0,8.91,2.22,2.87,1029.19,5125
2013-12-05,12.023001170158029,0,0,10.29,0.94,6.12,1023.72,5127
2013-12-06,11.806600780507814,0,0,7.85,0.71,3.92,1027.65,5120
2013-12-07,12.15904277220702,1,0,8.72,5.06,3.71,1026.6,5120
2013-12-08,12.292233745284095,0,0,11.24,5.36,4.56,1025.35,5121
2013-12-09,11.423269921503875,1,0,11.01,5.74,2.69,1028.84,5120
2013-12-10,11.585148221294464,1,0,9.03,3.99,1.35,1031.32,5114
2013-12-11,11.909311937260254,1,0,6.4,2.51,1.45,1029.46,5110
2013-12-12,11.849697396457255,1,0,8.98,4.39,2.28,1024.86,5109
2013-12-13,11.592768537722588,1,0,11.73,7.79,3.44,1019.67,5111
2013-12-14,11.959933488771528,0,0,11.33,5.16,5.45,1022.45,5112
2013-12-15,12.49133209318985,0,0,12.54,9.59,6.12,1019.25,5110
2013-12-16,11.364902917048353,0,0,12.89,9.68,5.57,1016.66,5109
2013-12-17,11.573714033881425,1,0,7.4,4.36,1.29,1021.59,5109
2013-12-18,11.49747632146775,0,0,10.29,6.47,5.85,1007.83,5110
2013-12-19,11.645095481236549,0,0,9.7,3.06,3.99,1002.06,5111
2013-12-20,11.690621990706337,0,0,10.42,3.15,5.52,1018.73,5111
2013-12-21,12.337605284403148,0,0,11.95,8.34,8.91,1012.62,5110
2013-12-22,12.135541609672996,0,0,10.07,3.57,5.66,1009.77,5107
2013-12-23,12.250252740602985,0,0,11.95,6.53,8.48,998.59,5108
2013-12-24,12.194886995867586,0,0,11.93,5.42,6.67,979.52,5106
2013-12-25,12.803839112620045,1,1,7.19,2.57,2.47,984.66,5103
2013-12-26,11.886532236684316,1,1,7.64,2.86,2.27,995.06,5103
2013-12-27,11.869614615340922,0,0,10.99,4.83,7.86,986.81,5104
2013-12-28,11.584355869272963,1,0,7.81,1.72,3.17,997.47,5103
2013-12-29,12.185339211601002,1,0,7.56,1.34,3.07,1014.89,5103
2013-12-30,12.011173427199717,0,0,10.22,5.98,6.58,1010.88,5103
2013-12-31,12.107016670974716,0,0,10.36,5.77,4.72,1004.27,5099
2014-01-02,11.411312683297345,0,0,10.75,6.02,4.89,993.31,5101
2014-01-03,11.670833954538304,0,0,10.49,5.08,7.66,994.51,5101
2014-01-04,12.219343007256342,0,0,9.58,5.21,4.46,993.71,5099
2014-01-05,12.838846696843776,1,0,11.96,3.88,4.4,1000.02,5101
2014-01-06,11.61220682199569,0,0,12.57,7.64,8.3,994.61,5101
2014-01-07,11.475242107096634,0,0,11.38,6.63,7.3,1003.19,5101
2014-01-08,11.199891764411769,1,0,11.62,7.02,4.15,1011.94,5100
2014-01-09,11.32236127607246,0,0,12.01,4.86,6.03,1006.3,5082
2014-01-10,11.447167059720575,1,0,10.14,4.11,3.56,1014.26,5082
2014-01-11,11.757132678759849,1,0,8.59,3.31,2.68,1018.51,5080
2014-01-12,12.981634861105643,1,0,8.91,2.78,3.25,1016.63,5083
2014-01-13,11.571144430814648,1,0,9.72,4.52,4.0,1005.09,5082
2014-01-14,11.539569570753793,1,0,6.82,1.69,2.5,1004.33,5081
2014-01-15,11.38010608167684,1,0,11.19,7.91,4.63,998.57,5081
2014-01-16,11.150855485705842,0,0,10.72,6.13,5.01,990.5,5079
2014-01-17,11.344182390959237,1,0,8.47,5.32,4.68,990.8,5077
2014-01-18,11.76754962497044,0,0,9.99,5.81,4.34,991.61,5078
2014-01-19,10.83395245653974,1,0,9.37,3.55,1.72,995.52,5069
2014-01-20,11.630685165791055,1,0,8.44,2.59,0.2,1007.71,5063
2014-01-21,11.5717758289038,1,0,7.66,2.76,2.19,1010.13,5072
2014-01-22,11.29973739178485,1,0,10.02,5.54,2.13,1006.71,5076
2014-01-23,11.490814939968486,1,0,8.44,2.54,3.98,1012.39,5074
2014-01-24,11.589261641515384,1,0,8.01,2.88,2.43,1013.91,5068
2014-01-25,11.826709550887928,1,0,11.77,5.34,4.0,1012.46,5068
2014-01-26,12.944639967606994,0,0,9.03,2.39,4.55,1002.1,5069
2014-01-27,11.960807617719029,0,0,7.95,1.44,5.29,989.87,5068
2014-01-28,11.53902271050548,1,0,9.12,3.59,4.32,985.33,5064
2014-01-29,12.002335637018737,1,0,5.46,3.05,4.25,993.99,5065
2014-01-30,11.886982223800146,1,0,5.94,3.08,1.52,1001.76,5063
2014-01-31,12.051320686840532,1,0,8.83,3.93,4.74,998.51,5061
2014-02-01,11.921217433642978,0,0,9.72,3.18,6.97,990.08,5059
2014-02-02,12.29172593954456,0,0,9.3,2.63,4.75,1005.39,5050
2014-02-03,11.471760245456386,0,0,7.99,2.86,4.92,1003.89,5051
2014-02-04,11.28872797277766,0,0,8.88,2.69,5.3,996.87,5051
2014-02-05,11.602299543265252,0,0,9.64,4.06,7.86,982.2,5041
2014-02-06,11.644153084493388,0,0,9.81,4.96,4.98,989.9,5043
2014-02-07,11.16827777855159,0,0,9.81,4.16,3.98,988.77,5040
2014-02-08,11.769625123794476,0,0,9.13,3.99,8.53,979.25,5039
2014-02-09,12.413253031559108,0,0,8.18,0.82,8.05,984.71,5035
2014-02-10,11.4555219462165,1,0,8.78,3.01,1.66,992.84,5035
2014-02-11,11.642560102722047,0,0,7.51,1.32,4.62,996.66,5033
2014-02-12,11.87564619179088,0,0,8.83,1.94,7.24,994.27,5031
2014-02-13,11.47132889242397,0,0,7.37,-0.01,5.83,992.43,5029
2014-02-14,12.024044524925465,0,0,12.02,3.99,6.6,990.31,5031
2014-02-15,11.676097429487951,0,0,9.9,2.95,9.96,988.63,5019
2014-02-16,11.782754682522896,1,0,9.98,1.76,3.34,1006.7,5018
2014-02-17,11.164673444517511,1,0,10.67,5.02,4.07,1007.8,5016
2014-02-18,10.97136793577562,1,0,10.13,6.23,3.06,1008.67,5009
2014-02-19,10.854245207747574,1,0,10.13,5.62,3.29,1011.57,5008
2014-02-20,10.75495265607271,0,0,12.5,7.23,5.38,1001.54,5006
2014-02-21,10.688234012190248,0,0,10.15,1.83,5.42,1003.42,5004
2014-02-22,10.970704155153834,0,0,11.63,2.64,4.77,1009.09,5006
2014-02-23,11.673756101400532,0,0,11.94,6.17,7.1,1010.37,4998
2014-02-24,10.586235483360037,0,0,14.23,6.03,5.02,1005.19,4994
2014-02-25,10.476498498238236,0,0,11.43,5.06,5.69,1000.65,4995
2014-02-26,10.375365510634868,0,0,11.29,2.74,3.82,1012.73,4993
2014-02-27,10.53725030032065,0,0,10.31,3.08,4.14,1007.02,4990
2014-02-28,0.211765791016643,1,0,7.35,3.11,2.24,998.92,4987
